CO,NCCL,2026-05-09,2026-05-09,1,P,M50010,00011,C,1011830,,,,,,,,,,,,0,0,0,0,0,,0,0,0,0,,0,0,0,0,0,,,,,,,0,0,,,,,,,
CO,NCCL,2026-05-09,2026-05-09,1,P,M50010,00011,C,1012198,,,,,,,,,,,,0,0,0,0,0,,0,0,0,0,,0,0,0,0,0,,,,,,,0,0,,,,,,,
CO,NCCL,2026-05-09,2026-05-09,1,P,M50010,00011,C,1131330,,,,,,,,,,,,0,0,0,0,0,,0,0,0,0,,0,0,0,0,0,,,,,,,0,0,,,,,,,
CO,NCCL,2026-05-09,2026-05-09,1,P,M50010,00011,C,119443,,,,,,,,,,,,0,0,0,0,0,,0,0,0,0,,0,0,0,0,0,,,,,,,0,0,,,,,,,
CO,NCCL,2026-05-09,2026-05-09,1,P,M50010,00011,C,119509,,,,,,,,,,,,0,0,0,0,0,,0,0,0,0,,0,0,0,0,0,,,,,,,0,0,,,,,,,
CO,NCCL,2026-05-09,2026-05-09,1,P,M50010,00011,C,119576,,,,,,,,,,,,0,0,0,0,0,,0,0,0,0,,0,0,0,0,0,,,,,,,0,0,,,,,,,
CO,NCCL,2026-05-09,2026-05-09,1,P,M50010,00011,C,119582,,,,,,,,,,,,0,0,0,0,0,,0,0,0,0,,0,0,0,0,0,,,,,,,0,0,,,,,,,
CO,NCCL,2026-05-09,2026-05-09,1,P,M50010,00011,C,119584,,,,,,,,,,,,0,0,0,0,0,,0,0,0,0,,0,0,0,0,0,,,,,,,0,0,,,,,,,
CO,NCCL,2026-05-09,2026-05-09,1,P,M50010,00011,C,119586,,,,,,,,,,,,0,0,0,0,0,,0,0,0,0,,0,0,0,0,0,,,,,,,0,0,,,,,,,
CO,NCCL,2026-05-09,2026-05-09,1,P,M50010,00011,C,119595,,,,,,,,,,,,0,0,0,0,0,,0,0,0,0,,0,0,0,0,0,,,,,,,0,0,,,,,,,
CO,NCCL,2026-05-09,2026-05-09,1,P,M50010,00011,C,119599,,,,,,,,,,,,0,0,0,0,0,,0,0,0,0,,0,0,0,0,0,,,,,,,0,0,,,,,,,
CO,NCCL,2026-05-09,2026-05-09,1,P,M50010,00011,C,119600,,,,,,,,,,,,0,0,0,0,0,,0,0,0,0,,0,0,0,0,0,,,,,,,0,0,,,,,,,
CO,NCCL,2026-05-09,2026-05-09,1,P,M50010,00011,C,119603,,,,,,,,,,,,0,0,0,0,0,,0,0,0,0,,0,0,0,0,0,,,,,,,0,0,,,,,,,
CO,NCCL,2026-05-09,2026-05-09,1,P,M50010,00011,C,119617,,,,,,,,,,,,0,0,0,0,0,,0,0,0,0,,0,0,0,0,0,,,,,,,0,0,,,,,,,
CO,NCCL,2026-05-09,2026-05-09,1,P,M50010,00011,C,119619,,,,,,,,,,,,0,0,0,0,0,,0,0,0,0,,0,0,0,0,0,,,,,,,0,0,,,,,,,
CO,NCCL,2026-05-09,2026-05-09,1,P,M50010,00011,C,119632,,,,,,,,,,,,0,0,0,0,0,,0,0,0,0,,0,0,0,0,0,,,,,,,0,0,,,,,,,
CO,NCCL,2026-05-09,2026-05-09,1,P,M50010,00011,C,119633,,,,,,,,,,,,0,0,0,0,0,,0,0,0,0,,0,0,0,0,0,,,,,,,0,0,,,,,,,
CO,NCCL,2026-05-09,2026-05-09,1,P,M50010,00011,C,119635,,,,,,,,,,,,0,0,0,0,0,,0,0,0,0,,0,0,0,0,0,,,,,,,0,0,,,,,,,
CO,NCCL,2026-05-09,2026-05-09,1,P,M50010,00011,C,125571,,,,,,,,,,,,0,0,0,0,0,,0,0,0,0,,0,0,0,0,0,,,,,,,0,0,,,,,,,
CO,NCCL,2026-05-09,2026-05-09,1,P,M50010,00011,C,1271112,,,,,,,,,,,,0,0,0,0,0,,0,0,0,0,,0,0,0,0,0,,,,,,,0,0,,,,,,,
CO,NCCL,2026-05-09,2026-05-09,1,P,M50010,00011,C,131590,,,,,,,,,,,,0,0,0,0,0,,0,0,0,0,,0,0,0,0,0,,,,,,,0,0,,,,,,,
CO,NCCL,2026-05-09,2026-05-09,1,P,M50010,00011,C,134205,,,,,,,,,,,,0,0,0,0,0,,0,0,0,0,,0,0,0,0,0,,,,,,,0,0,,,,,,,
CO,NCCL,2026-05-09,2026-05-09,1,P,M50010,00011,C,135617,,,,,,,,,,,,0,0,0,0,0,,0,0,0,0,,0,0,0,0,0,,,,,,,0,0,,,,,,,
CO,NCCL,2026-05-09,2026-05-09,1,P,M50010,00011,C,1361273,,,,,,,,,,,,0,0,0,0,0,,0,0,0,0,,0,0,0,0,0,,,,,,,0,0,,,,,,,
CO,NCCL,2026-05-09,2026-05-09,1,P,M50010,00011,C,137539,,,,,,,,,,,,0,0,0,0,0,,0,0,0,0,,0,0,0,0,0,,,,,,,0,0,,,,,,,
CO,NCCL,2026-05-09,2026-05-09,1,P,M50010,00011,C,142083,,,,,,,,,,,,0,0,0,0,0,,0,0,0,0,,0,0,0,0,0,,,,,,,0,0,,,,,,,
CO,NCCL,2026-05-09,2026-05-09,1,P,M50010,00011,C,142084,,,,,,,,,,,,0,0,0,0,0,,0,0,0,0,,0,0,0,0,0,,,,,,,0,0,,,,,,,
CO,NCCL,2026-05-09,2026-05-09,1,P,M50010,00011,C,142094,,,,,,,,,,,,0,0,0,0,0,,0,0,0,0,,0,0,0,0,0,,,,,,,0,0,,,,,,,
CO,NCCL,2026-05-09,2026-05-09,1,P,M50010,00011,C,142179,,,,,,,,,,,,0,0,0,0,0,,0,0,0,0,,0,0,0,0,0,,,,,,,0,0,,,,,,,
CO,NCCL,2026-05-09,2026-05-09,1,P,M50010,00011,C,142186,,,,,,,,,,,,0,0,0,0,0,,0,0,0,0,,0,0,0,0,0,,,,,,,0,0,,,,,,,
CO,NCCL,2026-05-09,2026-05-09,1,P,M50010,00011,C,142596,,,,,,,,,,,,0,0,0,0,0,,0,0,0,0,,0,0,0,0,0,,,,,,,0,0,,,,,,,
CO,NCCL,2026-05-09,2026-05-09,1,P,M50010,00011,C,143595,,,,,,,,,,,,0,0,0,0,0,,0,0,0,0,,0,0,0,0,0,,,,,,,0,0,,,,,,,
CO,NCCL,2026-05-09,2026-05-09,1,P,M50010,00011,C,1481079,,,,,,,,,,,,0,0,0,0,0,,0,0,0,0,,0,0,0,0,0,,,,,,,0,0,,,,,,,
CO,NCCL,2026-05-09,2026-05-09,1,P,M50010,00011,C,1481088,,,,,,,,,,,,0,0,0,0,0,,0,0,0,0,,0,0,0,0,0,,,,,,,0,0,,,,,,,
CO,NCCL,2026-05-09,2026-05-09,1,P,M50010,00011,C,1481130,,,,,,,,,,,,0,0,0,0,0,,0,0,0,0,,0,0,0,0,0,,,,,,,0,0,,,,,,,
CO,NCCL,2026-05-09,2026-05-09,1,P,M50010,00011,C,1481147,,,,,,,,,,,,0,0,0,0,0,,0,0,0,0,,0,0,0,0,0,,,,,,,0,0,,,,,,,
CO,NCCL,2026-05-09,2026-05-09,1,P,M50010,00011,C,1481174,,,,,,,,,,,,0,0,0,0,0,,0,0,0,0,,0,0,0,0,0,,,,,,,0,0,,,,,,,
CO,NCCL,2026-05-09,2026-05-09,1,P,M50010,00011,C,1481176,,,,,,,,,,,,0,0,0,0,0,,0,0,0,0,,0,0,0,0,0,,,,,,,0,0,,,,,,,
CO,NCCL,2026-05-09,2026-05-09,1,P,M50010,00011,C,1481178,,,,,,,,,,,,0,0,0,0,0,,0,0,0,0,,0,0,0,0,0,,,,,,,0,0,,,,,,,
CO,NCCL,2026-05-09,2026-05-09,1,P,M50010,00011,C,148791,,,,,,,,,,,,0,0,0,0,0,,0,0,0,0,,0,0,0,0,0,,,,,,,0,0,,,,,,,
CO,NCCL,2026-05-09,2026-05-09,1,P,M50010,00011,C,148801,,,,,,,,,,,,0,0,0,0,0,,0,0,0,0,,0,0,0,0,0,,,,,,,0,0,,,,,,,
CO,NCCL,2026-05-09,2026-05-09,1,P,M50010,00011,C,148885,,,,,,,,,,,,0,0,0,0,0,,0,0,0,0,,0,0,0,0,0,,,,,,,0,0,,,,,,,
CO,NCCL,2026-05-09,2026-05-09,1,P,M50010,00011,C,152139,,,,,,,,,,,,0,0,0,0,0,,0,0,0,0,,0,0,0,0,0,,,,,,,0,0,,,,,,,
CO,NCCL,2026-05-09,2026-05-09,1,P,M50010,00011,C,152144,,,,,,,,,,,,0,0,0,0,0,,0,0,0,0,,0,0,0,0,0,,,,,,,0,0,,,,,,,
CO,NCCL,2026-05-09,2026-05-09,1,P,M50010,00011,C,152702,,,,,,,,,,,,0,0,0,0,0,,0,0,0,0,,0,0,0,0,0,,,,,,,0,0,,,,,,,
CO,NCCL,2026-05-09,2026-05-09,1,P,M50010,00011,C,154064,,,,,,,,,,,,0,0,0,0,0,,0,0,0,0,,0,0,0,0,0,,,,,,,0,0,,,,,,,
CO,NCCL,2026-05-09,2026-05-09,1,P,M50010,00011,C,161290,,,,,,,,,,,,0,0,0,0,0,,0,0,0,0,,0,0,0,0,0,,,,,,,0,0,,,,,,,
CO,NCCL,2026-05-09,2026-05-09,1,P,M50010,00011,C,163098,,,,,,,,,,,,0,0,0,0,0,,0,0,0,0,,0,0,0,0,0,,,,,,,0,0,,,,,,,
CO,NCCL,2026-05-09,2026-05-09,1,P,M50010,00011,C,172132,,,,,,,,,,,,0,0,0,0,0,,0,0,0,0,,0,0,0,0,0,,,,,,,0,0,,,,,,,
CO,NCCL,2026-05-09,2026-05-09,1,P,M50010,00011,C,193985,,,,,,,,,,,,0,0,0,0,0,,0,0,0,0,,0,0,0,0,0,,,,,,,0,0,,,,,,,
CO,NCCL,2026-05-09,2026-05-09,1,P,M50010,00011,C,196035,,,,,,,,,,,,0,0,0,0,0,,0,0,0,0,,0,0,0,0,0,,,,,,,0,0,,,,,,,
CO,NCCL,2026-05-09,2026-05-09,1,P,M50010,00011,C,200385,,,,,,,,,,,,0,0,0,0,0,,0,0,0,0,,0,0,0,0,0,,,,,,,0,0,,,,,,,
CO,NCCL,2026-05-09,2026-05-09,1,P,M50010,00011,C,201640,,,,,,,,,,,,0,0,0,0,0,,0,0,0,0,,0,0,0,0,0,,,,,,,0,0,,,,,,,
CO,NCCL,2026-05-09,2026-05-09,1,P,M50010,00011,C,215052,,,,,,,,,,,,0,0,0,0,0,,0,0,0,0,,0,0,0,0,0,,,,,,,0,0,,,,,,,
CO,NCCL,2026-05-09,2026-05-09,1,P,M50010,00011,C,215217,,,,,,,,,,,,0,0,0,0,0,,0,0,0,0,,0,0,0,0,0,,,,,,,0,0,,,,,,,
CO,NCCL,2026-05-09,2026-05-09,1,P,M50010,00011,C,215219,,,,,,,,,,,,0,0,0,0,0,,0,0,0,0,,0,0,0,0,0,,,,,,,0,0,,,,,,,
CO,NCCL,2026-05-09,2026-05-09,1,P,M50010,00011,C,223846,,,,,,,,,,,,0,0,0,0,0,,0,0,0,0,,0,0,0,0,0,,,,,,,0,0,,,,,,,
CO,NCCL,2026-05-09,2026-05-09,1,P,M50010,00011,C,225001,,,,,,,,,,,,0,0,0,0,0,,0,0,0,0,,0,0,0,0,0,,,,,,,0,0,,,,,,,
CO,NCCL,2026-05-09,2026-05-09,1,P,M50010,00011,C,227003,,,,,,,,,,,,0,0,0,0,0,,0,0,0,0,,0,0,0,0,0,,,,,,,0,0,,,,,,,
CO,NCCL,2026-05-09,2026-05-09,1,P,M50010,00011,C,238108,,,,,,,,,,,,0,0,0,0,0,,0,0,0,0,,0,0,0,0,0,,,,,,,0,0,,,,,,,
CO,NCCL,2026-05-09,2026-05-09,1,P,M50010,00011,C,238112,,,,,,,,,,,,0,0,0,0,0,,0,0,0,0,,0,0,0,0,0,,,,,,,0,0,,,,,,,
CO,NCCL,2026-05-09,2026-05-09,1,P,M50010,00011,C,2381481,,,,,,,,,,,,0,0,0,0,0,,0,0,0,0,,0,0,0,0,0,,,,,,,0,0,,,,,,,
CO,NCCL,2026-05-09,2026-05-09,1,P,M50010,00011,C,2381482,,,,,,,,,,,,0,0,0,0,0,,0,0,0,0,,0,0,0,0,0,,,,,,,0,0,,,,,,,
CO,NCCL,2026-05-09,2026-05-09,1,P,M50010,00011,C,2381483,,,,,,,,,,,,0,0,0,0,0,,0,0,0,0,,0,0,0,0,0,,,,,,,0,0,,,,,,,
CO,NCCL,2026-05-09,2026-05-09,1,P,M50010,00011,C,2381491,,,,,,,,,,,,0,0,0,0,0,,0,0,0,0,,0,0,0,0,0,,,,,,,0,0,,,,,,,
CO,NCCL,2026-05-09,2026-05-09,1,P,M50010,00011,C,238294,,,,,,,,,,,,0,0,0,0,0,,0,0,0,0,,0,0,0,0,0,,,,,,,0,0,,,,,,,
CO,NCCL,2026-05-09,2026-05-09,1,P,M50010,00011,C,238508,,,,,,,,,,,,0,0,0,0,0,,0,0,0,0,,0,0,0,0,0,,,,,,,0,0,,,,,,,
CO,NCCL,2026-05-09,2026-05-09,1,P,M50010,00011,C,238571,,,,,,,,,,,,0,0,0,0,0,,0,0,0,0,,0,0,0,0,0,,,,,,,0,0,,,,,,,
CO,NCCL,2026-05-09,2026-05-09,1,P,M50010,00011,C,255400,,,,,,,,,,,,0,0,0,0,0,,0,0,0,0,,0,0,0,0,0,,,,,,,0,0,,,,,,,
CO,NCCL,2026-05-09,2026-05-09,1,P,M50010,00011,C,255406,,,,,,,,,,,,1997914.35,162260,0,0,0,,0,0,0,0,,2060691.3,162260,2222951.3,2222951.3,2160174.35,,,,,,,0,0,,,,,,,
CO,NCCL,2026-05-09,2026-05-09,1,P,M50010,00011,C,262229,,,,,,,,,,,,0,0,0,0,0,,0,0,0,0,,0,0,0,0,0,,,,,,,0,0,,,,,,,
CO,NCCL,2026-05-09,2026-05-09,1,P,M50010,00011,C,262249,,,,,,,,,,,,0,0,0,0,0,,0,0,0,0,,0,0,0,0,0,,,,,,,0,0,,,,,,,
CO,NCCL,2026-05-09,2026-05-09,1,P,M50010,00011,C,270017,,,,,,,,,,,,0,0,0,0,0,,0,0,0,0,,0,0,0,0,0,,,,,,,0,0,,,,,,,
CO,NCCL,2026-05-09,2026-05-09,1,P,M50010,00011,C,283026,,,,,,,,,,,,0,0,0,0,0,,0,0,0,0,,0,0,0,0,0,,,,,,,0,0,,,,,,,
CO,NCCL,2026-05-09,2026-05-09,1,P,M50010,00011,C,283048,,,,,,,,,,,,0,0,0,0,0,,0,0,0,0,,0,0,0,0,0,,,,,,,0,0,,,,,,,
CO,NCCL,2026-05-09,2026-05-09,1,P,M50010,00011,C,283341,,,,,,,,,,,,0,0,0,0,0,,0,0,0,0,,0,0,0,0,0,,,,,,,0,0,,,,,,,
CO,NCCL,2026-05-09,2026-05-09,1,P,M50010,00011,C,283365,,,,,,,,,,,,0,0,0,0,0,,0,0,0,0,,0,0,0,0,0,,,,,,,0,0,,,,,,,
CO,NCCL,2026-05-09,2026-05-09,1,P,M50010,00011,C,299235,,,,,,,,,,,,0,0,0,0,0,,0,0,0,0,,0,0,0,0,0,,,,,,,0,0,,,,,,,
CO,NCCL,2026-05-09,2026-05-09,1,P,M50010,00011,C,299242,,,,,,,,,,,,0,0,0,0,0,,0,0,0,0,,0,0,0,0,0,,,,,,,0,0,,,,,,,
CO,NCCL,2026-05-09,2026-05-09,1,P,M50010,00011,C,329005,,,,,,,,,,,,0,0,0,0,0,,0,0,0,0,,0,0,0,0,0,,,,,,,0,0,,,,,,,
CO,NCCL,2026-05-09,2026-05-09,1,P,M50010,00011,C,356045,,,,,,,,,,,,0,0,0,0,0,,0,0,0,0,,0,0,0,0,0,,,,,,,0,0,,,,,,,
CO,NCCL,2026-05-09,2026-05-09,1,P,M50010,00011,C,358076,,,,,,,,,,,,0,0,0,0,0,,0,0,0,0,,0,0,0,0,0,,,,,,,0,0,,,,,,,
CO,NCCL,2026-05-09,2026-05-09,1,P,M50010,00011,C,374097,,,,,,,,,,,,0,0,0,0,0,,0,0,0,0,,0,0,0,0,0,,,,,,,0,0,,,,,,,
CO,NCCL,2026-05-09,2026-05-09,1,P,M50010,00011,C,399055,,,,,,,,,,,,0,0,0,0,0,,0,0,0,0,,0,0,0,0,0,,,,,,,0,0,,,,,,,
CO,NCCL,2026-05-09,2026-05-09,1,P,M50010,00011,C,399062,,,,,,,,,,,,0,0,0,0,0,,0,0,0,0,,0,0,0,0,0,,,,,,,0,0,,,,,,,
CO,NCCL,2026-05-09,2026-05-09,1,P,M50010,00011,C,484003,,,,,,,,,,,,0,0,0,0,0,,0,0,0,0,,0,0,0,0,0,,,,,,,0,0,,,,,,,
CO,NCCL,2026-05-09,2026-05-09,1,P,M50010,00011,C,492063,,,,,,,,,,,,0,0,0,0,0,,0,0,0,0,,0,0,0,0,0,,,,,,,0,0,,,,,,,
CO,NCCL,2026-05-09,2026-05-09,1,P,M50010,00011,C,523178,,,,,,,,,,,,0,0,0,0,0,,0,0,0,0,,0,0,0,0,0,,,,,,,0,0,,,,,,,
CO,NCCL,2026-05-09,2026-05-09,1,P,M50010,00011,C,531010,,,,,,,,,,,,0,0,0,0,0,,0,0,0,0,,0,0,0,0,0,,,,,,,0,0,,,,,,,
CO,NCCL,2026-05-09,2026-05-09,1,P,M50010,00011,C,531032,,,,,,,,,,,,0,0,0,0,0,,0,0,0,0,,0,0,0,0,0,,,,,,,0,0,,,,,,,
CO,NCCL,2026-05-09,2026-05-09,1,P,M50010,00011,C,610057,,,,,,,,,,,,0,0,0,0,0,,0,0,0,0,,0,0,0,0,0,,,,,,,0,0,,,,,,,
CO,NCCL,2026-05-09,2026-05-09,1,P,M50010,00011,C,679003,,,,,,,,,,,,0,0,0,0,0,,0,0,0,0,,0,0,0,0,0,,,,,,,0,0,,,,,,,
CO,NCCL,2026-05-09,2026-05-09,1,P,M50010,00011,C,707001,,,,,,,,,,,,0,0,0,0,0,,0,0,0,0,,0,0,0,0,0,,,,,,,0,0,,,,,,,
CO,NCCL,2026-05-09,2026-05-09,1,P,M50010,00011,C,850023,,,,,,,,,,,,0,0,0,0,0,,0,0,0,0,,0,0,0,0,0,,,,,,,0,0,,,,,,,
CO,NCCL,2026-05-09,2026-05-09,1,P,M50010,00011,C,850043,,,,,,,,,,,,0,0,0,0,0,,0,0,0,0,,0,0,0,0,0,,,,,,,0,0,,,,,,,
CO,NCCL,2026-05-09,2026-05-09,1,P,M50010,00011,C,850052,,,,,,,,,,,,0,0,0,0,0,,0,0,0,0,,0,0,0,0,0,,,,,,,0,0,,,,,,,
CO,NCCL,2026-05-09,2026-05-09,1,P,M50010,00011,C,850105,,,,,,,,,,,,0,0,0,0,0,,0,0,0,0,,0,0,0,0,0,,,,,,,0,0,,,,,,,
CO,NCCL,2026-05-09,2026-05-09,1,P,M50010,00011,C,868083,,,,,,,,,,,,0,0,0,0,0,,0,0,0,0,,0,0,0,0,0,,,,,,,0,0,,,,,,,
CO,NCCL,2026-05-09,2026-05-09,1,P,M50010,00011,C,868122,,,,,,,,,,,,0,0,0,0,0,,0,0,0,0,,0,0,0,0,0,,,,,,,0,0,,,,,,,
CO,NCCL,2026-05-09,2026-05-09,1,P,M50010,00011,C,868180,,,,,,,,,,,,0,0,0,0,0,,0,0,0,0,,0,0,0,0,0,,,,,,,0,0,,,,,,,
CO,NCCL,2026-05-09,2026-05-09,1,P,M50010,00011,C,868251,,,,,,,,,,,,0,0,0,0,0,,0,0,0,0,,0,0,0,0,0,,,,,,,0,0,,,,,,,
CO,NCCL,2026-05-09,2026-05-09,1,P,M50010,00011,C,868262,,,,,,,,,,,,0,0,0,0,0,,0,0,0,0,,0,0,0,0,0,,,,,,,0,0,,,,,,,
CO,NCCL,2026-05-09,2026-05-09,1,P,M50010,00011,C,868281,,,,,,,,,,,,0,0,0,0,0,,0,0,0,0,,0,0,0,0,0,,,,,,,0,0,,,,,,,
CO,NCCL,2026-05-09,2026-05-09,1,P,M50010,00011,C,868314,,,,,,,,,,,,0,0,0,0,0,,0,0,0,0,,0,0,0,0,0,,,,,,,0,0,,,,,,,
CO,NCCL,2026-05-09,2026-05-09,1,P,M50010,00011,C,868315,,,,,,,,,,,,0,0,0,0,0,,0,0,0,0,,0,0,0,0,0,,,,,,,0,0,,,,,,,
CO,NCCL,2026-05-09,2026-05-09,1,P,M50010,00011,C,868321,,,,,,,,,,,,0,0,0,0,0,,0,0,0,0,,0,0,0,0,0,,,,,,,0,0,,,,,,,
CO,NCCL,2026-05-09,2026-05-09,1,P,M50010,00011,C,868381,,,,,,,,,,,,0,0,0,0,0,,0,0,0,0,,0,0,0,0,0,,,,,,,0,0,,,,,,,
CO,NCCL,2026-05-09,2026-05-09,1,P,M50010,00011,C,868382,,,,,,,,,,,,0,0,0,0,0,,0,0,0,0,,0,0,0,0,0,,,,,,,0,0,,,,,,,
CO,NCCL,2026-05-09,2026-05-09,1,P,M50010,00011,C,868383,,,,,,,,,,,,0,0,0,0,0,,0,0,0,0,,0,0,0,0,0,,,,,,,0,0,,,,,,,
CO,NCCL,2026-05-09,2026-05-09,1,P,M50010,00011,C,868384,,,,,,,,,,,,0,0,0,0,0,,0,0,0,0,,0,0,0,0,0,,,,,,,0,0,,,,,,,
CO,NCCL,2026-05-09,2026-05-09,1,P,M50010,00011,C,868387,,,,,,,,,,,,0,0,0,0,0,,0,0,0,0,,0,0,0,0,0,,,,,,,0,0,,,,,,,
CO,NCCL,2026-05-09,2026-05-09,1,P,M50010,00011,C,868389,,,,,,,,,,,,0,0,0,0,0,,0,0,0,0,,0,0,0,0,0,,,,,,,0,0,,,,,,,
CO,NCCL,2026-05-09,2026-05-09,1,P,M50010,00011,C,868392,,,,,,,,,,,,0,0,0,0,0,,0,0,0,0,,0,0,0,0,0,,,,,,,0,0,,,,,,,
CO,NCCL,2026-05-09,2026-05-09,1,P,M50010,00011,C,868396,,,,,,,,,,,,0,0,0,0,0,,0,0,0,0,,0,0,0,0,0,,,,,,,0,0,,,,,,,
CO,NCCL,2026-05-09,2026-05-09,1,P,M50010,00011,C,868437,,,,,,,,,,,,0,0,0,0,0,,0,0,0,0,,0,0,0,0,0,,,,,,,0,0,,,,,,,
CO,NCCL,2026-05-09,2026-05-09,1,P,M50010,00011,C,868533,,,,,,,,,,,,0,0,0,0,0,,0,0,0,0,,0,0,0,0,0,,,,,,,0,0,,,,,,,
CO,NCCL,2026-05-09,2026-05-09,1,P,M50010,00011,C,868897,,,,,,,,,,,,0,0,0,0,0,,0,0,0,0,,0,0,0,0,0,,,,,,,0,0,,,,,,,
CO,NCCL,2026-05-09,2026-05-09,1,P,M50010,00011,C,869468,,,,,,,,,,,,0,0,0,0,0,,0,0,0,0,,0,0,0,0,0,,,,,,,0,0,,,,,,,
CO,NCCL,2026-05-09,2026-05-09,1,P,M50010,00011,C,870152,,,,,,,,,,,,0,0,0,0,0,,0,0,0,0,,0,0,0,0,0,,,,,,,0,0,,,,,,,
CO,NCCL,2026-05-09,2026-05-09,1,P,M50010,00011,C,870228,,,,,,,,,,,,0,0,0,0,0,,0,0,0,0,,0,0,0,0,0,,,,,,,0,0,,,,,,,
CO,NCCL,2026-05-09,2026-05-09,1,P,M50010,00011,C,870357,,,,,,,,,,,,0,0,0,0,0,,0,0,0,0,,0,0,0,0,0,,,,,,,0,0,,,,,,,
CO,NCCL,2026-05-09,2026-05-09,1,P,M50010,00011,C,870508,,,,,,,,,,,,0,0,0,0,0,,0,0,0,0,,0,0,0,0,0,,,,,,,0,0,,,,,,,
CO,NCCL,2026-05-09,2026-05-09,1,P,M50010,00011,C,871045,,,,,,,,,,,,0,0,0,0,0,,0,0,0,0,,0,0,0,0,0,,,,,,,0,0,,,,,,,
CO,NCCL,2026-05-09,2026-05-09,1,P,M50010,00011,C,871186,,,,,,,,,,,,0,0,0,0,0,,0,0,0,0,,0,0,0,0,0,,,,,,,0,0,,,,,,,
CO,NCCL,2026-05-09,2026-05-09,1,P,M50010,00011,C,871901,,,,,,,,,,,,0,0,0,0,0,,0,0,0,0,,0,0,0,0,0,,,,,,,0,0,,,,,,,
CO,NCCL,2026-05-09,2026-05-09,1,P,M50010,00011,C,872067,,,,,,,,,,,,0,0,0,0,0,,0,0,0,0,,0,0,0,0,0,,,,,,,0,0,,,,,,,
CO,NCCL,2026-05-09,2026-05-09,1,P,M50010,00011,C,872127,,,,,,,,,,,,0,0,0,0,0,,0,0,0,0,,0,0,0,0,0,,,,,,,0,0,,,,,,,
CO,NCCL,2026-05-09,2026-05-09,1,P,M50010,00011,C,872300,,,,,,,,,,,,0,0,0,0,0,,0,0,0,0,,0,0,0,0,0,,,,,,,0,0,,,,,,,
CO,NCCL,2026-05-09,2026-05-09,1,P,M50010,00011,C,872447,,,,,,,,,,,,0,0,0,0,0,,0,0,0,0,,0,0,0,0,0,,,,,,,0,0,,,,,,,
CO,NCCL,2026-05-09,2026-05-09,1,P,M50010,00011,C,872701,,,,,,,,,,,,0,0,0,0,0,,0,0,0,0,,0,0,0,0,0,,,,,,,0,0,,,,,,,
CO,NCCL,2026-05-09,2026-05-09,1,P,M50010,00011,C,872952,,,,,,,,,,,,0,0,0,0,0,,0,0,0,0,,0,0,0,0,0,,,,,,,0,0,,,,,,,
CO,NCCL,2026-05-09,2026-05-09,1,P,M50010,00011,C,872955,,,,,,,,,,,,124092,10341,0,0,0,,0,0,0,0,,124092,10341,134433,134433,134433,,,,,,,0,0,,,,,,,
CO,NCCL,2026-05-09,2026-05-09,1,P,M50010,00011,C,873845,,,,,,,,,,,,0,0,0,0,0,,0,0,0,0,,0,0,0,0,0,,,,,,,0,0,,,,,,,
CO,NCCL,2026-05-09,2026-05-09,1,P,M50010,00011,C,874122,,,,,,,,,,,,0,0,0,0,0,,0,0,0,0,,0,0,0,0,0,,,,,,,0,0,,,,,,,
CO,NCCL,2026-05-09,2026-05-09,1,P,M50010,00011,C,874335,,,,,,,,,,,,0,0,0,0,0,,0,0,0,0,,0,0,0,0,0,,,,,,,0,0,,,,,,,
CO,NCCL,2026-05-09,2026-05-09,1,P,M50010,00011,C,874671,,,,,,,,,,,,0,0,0,0,0,,0,0,0,0,,0,0,0,0,0,,,,,,,0,0,,,,,,,
CO,NCCL,2026-05-09,2026-05-09,1,P,M50010,00011,C,875000,,,,,,,,,,,,0,0,0,0,0,,0,0,0,0,,0,0,0,0,0,,,,,,,0,0,,,,,,,
CO,NCCL,2026-05-09,2026-05-09,1,P,M50010,00011,C,875456,,,,,,,,,,,,0,0,0,0,0,,0,0,0,0,,0,0,0,0,0,,,,,,,0,0,,,,,,,
CO,NCCL,2026-05-09,2026-05-09,1,P,M50010,00011,C,876825,,,,,,,,,,,,0,0,0,0,0,,0,0,0,0,,0,0,0,0,0,,,,,,,0,0,,,,,,,
CO,NCCL,2026-05-09,2026-05-09,1,P,M50010,00011,C,878755,,,,,,,,,,,,0,0,0,0,0,,0,0,0,0,,0,0,0,0,0,,,,,,,0,0,,,,,,,
CO,NCCL,2026-05-09,2026-05-09,1,P,M50010,00011,C,880914,,,,,,,,,,,,0,0,0,0,0,,0,0,0,0,,0,0,0,0,0,,,,,,,0,0,,,,,,,
CO,NCCL,2026-05-09,2026-05-09,1,P,M50010,00011,C,881629,,,,,,,,,,,,0,0,0,0,0,,0,0,0,0,,0,0,0,0,0,,,,,,,0,0,,,,,,,
CO,NCCL,2026-05-09,2026-05-09,1,P,M50010,00011,C,883519,,,,,,,,,,,,0,0,0,0,0,,0,0,0,0,,0,0,0,0,0,,,,,,,0,0,,,,,,,
CO,NCCL,2026-05-09,2026-05-09,1,P,M50010,00011,C,883670,,,,,,,,,,,,0,0,0,0,0,,0,0,0,0,,0,0,0,0,0,,,,,,,0,0,,,,,,,
CO,NCCL,2026-05-09,2026-05-09,1,P,M50010,00011,C,883789,,,,,,,,,,,,0,0,0,0,0,,0,0,0,0,,0,0,0,0,0,,,,,,,0,0,,,,,,,
CO,NCCL,2026-05-09,2026-05-09,1,P,M50010,00011,C,885071,,,,,,,,,,,,0,0,0,0,0,,0,0,0,0,,0,0,0,0,0,,,,,,,0,0,,,,,,,
CO,NCCL,2026-05-09,2026-05-09,1,P,M50010,00011,C,885759,,,,,,,,,,,,0,0,0,0,0,,0,0,0,0,,0,0,0,0,0,,,,,,,0,0,,,,,,,
CO,NCCL,2026-05-09,2026-05-09,1,P,M50010,00011,C,886847,,,,,,,,,,,,0,0,0,0,0,,0,0,0,0,,0,0,0,0,0,,,,,,,0,0,,,,,,,
CO,NCCL,2026-05-09,2026-05-09,1,P,M50010,00011,C,889055,,,,,,,,,,,,0,0,0,0,0,,0,0,0,0,,0,0,0,0,0,,,,,,,0,0,,,,,,,
CO,NCCL,2026-05-09,2026-05-09,1,P,M50010,00011,C,889546,,,,,,,,,,,,0,0,0,0,0,,0,0,0,0,,0,0,0,0,0,,,,,,,0,0,,,,,,,
CO,NCCL,2026-05-09,2026-05-09,1,P,M50010,00011,C,890108,,,,,,,,,,,,343500,28625,0,0,0,,0,0,0,0,,343500,28625,372125,372125,372125,,,,,,,0,0,,,,,,,
CO,NCCL,2026-05-09,2026-05-09,1,P,M50010,00011,C,890463,,,,,,,,,,,,66498,5541.5,0,0,0,,0,0,0,21650,,66498,5541.5,72039.5,72039.5,72039.5,,,,,,,0,0,,,,,,,
CO,NCCL,2026-05-09,2026-05-09,1,P,M50010,00011,C,891070,,,,,,,,,,,,0,0,0,0,0,,0,0,0,0,,0,0,0,0,0,,,,,,,0,0,,,,,,,
CO,NCCL,2026-05-09,2026-05-09,1,P,M50010,00011,C,891506,,,,,,,,,,,,0,0,0,0,0,,0,0,0,0,,0,0,0,0,0,,,,,,,0,0,,,,,,,
CO,NCCL,2026-05-09,2026-05-09,1,P,M50010,00011,C,894400,,,,,,,,,,,,0,0,0,0,0,,0,0,0,0,,0,0,0,0,0,,,,,,,0,0,,,,,,,
CO,NCCL,2026-05-09,2026-05-09,1,P,M50010,00011,C,895375,,,,,,,,,,,,0,0,0,0,0,,0,0,0,0,,0,0,0,0,0,,,,,,,0,0,,,,,,,
CO,NCCL,2026-05-09,2026-05-09,1,P,M50010,00011,C,895380,,,,,,,,,,,,0,0,0,0,0,,0,0,0,0,,0,0,0,0,0,,,,,,,0,0,,,,,,,
CO,NCCL,2026-05-09,2026-05-09,1,P,M50010,00011,C,897029,,,,,,,,,,,,0,0,0,0,0,,0,0,0,0,,0,0,0,0,0,,,,,,,0,0,,,,,,,
CO,NCCL,2026-05-09,2026-05-09,1,P,M50010,00011,C,897401,,,,,,,,,,,,375564,31297,0,0,0,,0,0,0,0,,375564,31297,406861,406861,406861,,,,,,,0,0,,,,,,,
CO,NCCL,2026-05-09,2026-05-09,1,P,M50010,00011,C,901148,,,,,,,,,,,,0,0,0,0,0,,0,0,0,0,,0,0,0,0,0,,,,,,,0,0,,,,,,,
CO,NCCL,2026-05-09,2026-05-09,1,P,M50010,00011,C,916822,,,,,,,,,,,,0,0,0,0,0,,0,0,0,0,,0,0,0,0,0,,,,,,,0,0,,,,,,,
CO,NCCL,2026-05-09,2026-05-09,1,P,M50010,00011,C,917215,,,,,,,,,,,,0,0,0,0,0,,0,0,0,0,,0,0,0,0,0,,,,,,,0,0,,,,,,,
CO,NCCL,2026-05-09,2026-05-09,1,P,M50010,00011,C,919130,,,,,,,,,,,,0,0,0,0,0,,0,0,0,0,,0,0,0,0,0,,,,,,,0,0,,,,,,,
CO,NCCL,2026-05-09,2026-05-09,1,P,M50010,00011,C,919218,,,,,,,,,,,,0,0,0,0,0,,0,0,0,0,,0,0,0,0,0,,,,,,,0,0,,,,,,,
CO,NCCL,2026-05-09,2026-05-09,1,P,M50010,00011,C,931054,,,,,,,,,,,,0,0,0,0,0,,0,0,0,0,,0,0,0,0,0,,,,,,,0,0,,,,,,,
CO,NCCL,2026-05-09,2026-05-09,1,P,M50010,00011,C,931210,,,,,,,,,,,,0,0,0,0,0,,0,0,0,0,,0,0,0,0,0,,,,,,,0,0,,,,,,,
CO,NCCL,2026-05-09,2026-05-09,1,P,M50010,00011,C,931725,,,,,,,,,,,,0,0,0,0,0,,0,0,0,0,,0,0,0,0,0,,,,,,,0,0,,,,,,,
CO,NCCL,2026-05-09,2026-05-09,1,P,M50010,00011,C,931812,,,,,,,,,,,,0,0,0,0,0,,0,0,0,0,,0,0,0,0,0,,,,,,,0,0,,,,,,,
CO,NCCL,2026-05-09,2026-05-09,1,P,M50010,00011,C,931868,,,,,,,,,,,,0,0,0,0,0,,0,0,0,0,,0,0,0,0,0,,,,,,,0,0,,,,,,,
CO,NCCL,2026-05-09,2026-05-09,1,P,M50010,00011,C,932050,,,,,,,,,,,,72522,6043.5,0,0,0,,0,0,0,0,,72522,6043.5,78565.5,78565.5,78565.5,,,,,,,0,0,,,,,,,
CO,NCCL,2026-05-09,2026-05-09,1,P,M50010,00011,C,932263,,,,,,,,,,,,0,0,0,0,0,,0,0,0,0,,0,0,0,0,0,,,,,,,0,0,,,,,,,
CO,NCCL,2026-05-09,2026-05-09,1,P,M50010,00011,C,934852,,,,,,,,,,,,215766,17980.5,0,0,0,,0,0,0,0,,215766,17980.5,233746.5,233746.5,233746.5,,,,,,,0,0,,,,,,,
CO,NCCL,2026-05-09,2026-05-09,1,P,M50010,00011,C,936930,,,,,,,,,,,,407280,33940,0,0,0,,0,0,0,0,,407280,33940,441220,441220,441220,,,,,,,0,0,,,,,,,
CO,NCCL,2026-05-09,2026-05-09,1,P,M50010,00011,C,93852,,,,,,,,,,,,0,0,0,0,0,,0,0,0,0,,0,0,0,0,0,,,,,,,0,0,,,,,,,
CO,NCCL,2026-05-09,2026-05-09,1,P,M50010,00011,C,939240,,,,,,,,,,,,0,0,0,0,0,,0,0,0,0,,0,0,0,0,0,,,,,,,0,0,,,,,,,
CO,NCCL,2026-05-09,2026-05-09,1,P,M50010,00011,C,939279,,,,,,,,,,,,0,0,0,0,0,,0,0,0,0,,0,0,0,0,0,,,,,,,0,0,,,,,,,
CO,NCCL,2026-05-09,2026-05-09,1,P,M50010,00011,C,939334,,,,,,,,,,,,0,0,0,0,0,,0,0,0,0,,0,0,0,0,0,,,,,,,0,0,,,,,,,
CO,NCCL,2026-05-09,2026-05-09,1,P,M50010,00011,C,942662,,,,,,,,,,,,0,0,0,0,0,,0,0,0,0,,0,0,0,0,0,,,,,,,0,0,,,,,,,
CO,NCCL,2026-05-09,2026-05-09,1,P,M50010,00011,C,943183,,,,,,,,,,,,0,0,0,0,0,,0,0,0,0,,0,0,0,0,0,,,,,,,0,0,,,,,,,
CO,NCCL,2026-05-09,2026-05-09,1,P,M50010,00011,C,943523,,,,,,,,,,,,0,0,0,0,0,,0,0,0,0,,0,0,0,0,0,,,,,,,0,0,,,,,,,
CO,NCCL,2026-05-09,2026-05-09,1,P,M50010,00011,C,945951,,,,,,,,,,,,0,0,0,0,0,,0,0,0,0,,0,0,0,0,0,,,,,,,0,0,,,,,,,
CO,NCCL,2026-05-09,2026-05-09,1,P,M50010,00011,C,946299,,,,,,,,,,,,17113488,2139186,0,0,0,,0,0,0,0,,17113488,2139186,19252674,19252674,19252674,,,,,,,0,0,,,,,,,
CO,NCCL,2026-05-09,2026-05-09,1,P,M50010,00011,C,946300,,,,,,,,,,,,0,0,0,0,0,,0,0,0,0,,0,0,0,0,0,,,,,,,0,0,,,,,,,
CO,NCCL,2026-05-09,2026-05-09,1,P,M50010,00011,C,946367,,,,,,,,,,,,0,0,0,0,0,,0,0,0,0,,0,0,0,0,0,,,,,,,0,0,,,,,,,
CO,NCCL,2026-05-09,2026-05-09,1,P,M50010,00011,C,946951,,,,,,,,,,,,0,0,0,0,0,,0,0,0,0,,0,0,0,0,0,,,,,,,0,0,,,,,,,
CO,NCCL,2026-05-09,2026-05-09,1,P,M50010,00011,C,947787,,,,,,,,,,,,67176,5598,0,0,0,,0,0,0,0,,67176,5598,72774,72774,72774,,,,,,,0,0,,,,,,,
CO,NCCL,2026-05-09,2026-05-09,1,P,M50010,00011,C,954255,,,,,,,,,,,,0,0,0,0,0,,0,0,0,0,,0,0,0,0,0,,,,,,,0,0,,,,,,,
CO,NCCL,2026-05-09,2026-05-09,1,P,M50010,00011,C,954590,,,,,,,,,,,,71622,5968.5,0,0,0,,0,0,0,0,,71622,5968.5,77590.5,77590.5,77590.5,,,,,,,0,0,,,,,,,
CO,NCCL,2026-05-09,2026-05-09,1,P,M50010,00011,C,954596,,,,,,,,,,,,82548,6879,0,0,0,,0,0,0,0,,82548,6879,89427,89427,89427,,,,,,,0,0,,,,,,,
CO,NCCL,2026-05-09,2026-05-09,1,P,M50010,00011,C,961651,,,,,,,,,,,,0,0,0,0,0,,0,0,0,0,,0,0,0,0,0,,,,,,,0,0,,,,,,,
CO,NCCL,2026-05-09,2026-05-09,1,P,M50010,00011,C,965107,,,,,,,,,,,,0,0,0,0,0,,0,0,0,0,,0,0,0,0,0,,,,,,,0,0,,,,,,,
CO,NCCL,2026-05-09,2026-05-09,1,P,M50010,00011,C,966514,,,,,,,,,,,,0,0,0,0,0,,0,0,0,0,,0,0,0,0,0,,,,,,,0,0,,,,,,,
CO,NCCL,2026-05-09,2026-05-09,1,P,M50010,00011,C,967930,,,,,,,,,,,,0,0,0,0,0,,0,0,0,0,,0,0,0,0,0,,,,,,,0,0,,,,,,,
CO,NCCL,2026-05-09,2026-05-09,1,P,M50010,00011,C,975017,,,,,,,,,,,,0,0,0,0,0,,0,0,0,0,,0,0,0,0,0,,,,,,,0,0,,,,,,,
CO,NCCL,2026-05-09,2026-05-09,1,P,M50010,00011,C,976361,,,,,,,,,,,,0,0,0,0,0,,0,0,0,0,,0,0,0,0,0,,,,,,,0,0,,,,,,,
CO,NCCL,2026-05-09,2026-05-09,1,P,M50010,00011,C,978116,,,,,,,,,,,,0,0,0,0,0,,0,0,0,0,,0,0,0,0,0,,,,,,,0,0,,,,,,,
CO,NCCL,2026-05-09,2026-05-09,1,P,M50010,00011,C,978768,,,,,,,,,,,,0,0,0,0,0,,0,0,0,0,,0,0,0,0,0,,,,,,,0,0,,,,,,,
CO,NCCL,2026-05-09,2026-05-09,1,P,M50010,00011,C,982379,,,,,,,,,,,,0,0,0,0,0,,0,0,0,0,,0,0,0,0,0,,,,,,,0,0,,,,,,,
CO,NCCL,2026-05-09,2026-05-09,1,P,M50010,00011,C,983130,,,,,,,,,,,,0,0,0,0,0,,0,0,0,0,,0,0,0,0,0,,,,,,,0,0,,,,,,,
CO,NCCL,2026-05-09,2026-05-09,1,P,M50010,00011,C,988940,,,,,,,,,,,,0,0,0,0,0,,0,0,0,0,,0,0,0,0,0,,,,,,,0,0,,,,,,,
CO,NCCL,2026-05-09,2026-05-09,1,P,M50010,00011,C,995210,,,,,,,,,,,,0,0,0,0,0,,0,0,0,0,,0,0,0,0,0,,,,,,,0,0,,,,,,,
CO,NCCL,2026-05-09,2026-05-09,1,P,M50010,00011,C,997188,,,,,,,,,,,,0,0,0,0,0,,0,0,0,0,,0,0,0,0,0,,,,,,,0,0,,,,,,,
CO,NCCL,2026-05-09,2026-05-09,1,P,M50010,00011,C,997418,,,,,,,,,,,,0,0,0,0,0,,0,0,0,0,,0,0,0,0,0,,,,,,,0,0,,,,,,,
CO,NCCL,2026-05-09,2026-05-09,1,P,M50010,00011,C,B931,,,,,,,,,,,,0,0,0,0,0,,0,0,0,0,,0,0,0,0,0,,,,,,,0,0,,,,,,,
CO,NCCL,2026-05-09,2026-05-09,1,P,M50010,00011,C,C677,,,,,,,,,,,,0,0,0,0,0,,0,0,0,0,,0,0,0,0,0,,,,,,,0,0,,,,,,,
CO,NCCL,2026-05-09,2026-05-09,1,P,M50010,00011,C,J1449,,,,,,,,,,,,201528,16794,0,0,0,,0,0,0,0,,201528,16794,218322,218322,218322,,,,,,,0,0,,,,,,,
CO,NCCL,2026-05-09,2026-05-09,1,P,M50010,00011,C,K009,,,,,,,,,,,,0,0,0,0,0,,0,0,0,0,,0,0,0,0,0,,,,,,,0,0,,,,,,,
CO,NCCL,2026-05-09,2026-05-09,1,P,M50010,00011,C,NM055,,,,,,,,,,,,0,0,0,0,0,,0,0,0,0,,0,0,0,0,0,,,,,,,0,0,,,,,,,
CO,NCCL,2026-05-09,2026-05-09,1,P,M50010,00011,C,S2820,,,,,,,,,,,,0,0,0,0,0,,0,0,0,0,,0,0,0,0,0,,,,,,,0,0,,,,,,,
CO,NCCL,2026-05-09,2026-05-09,1,P,M50010,00011,C,SUSPE1234N,,,,,,,,,,,,0,0,0,0,0,,0,0,0,0,,0,0,0,0,0,,,,,,,0,0,,,,,,,
CO,NCCL,2026-05-09,2026-05-09,1,P,M50010,00011,P,00011,,,,,,,,,,,,0,0,0,0,0,,0,0,0,0,,0,0,0,0,0,,,,,,,0,0,,,,,,,
Sgmt,Src,RptgDt,BizDt,TradRegnOrgn,Lvl,ClrMmbId,BrkrOrCtdnPtcptId,ClntTp,ClntId,ISIN,TckrSymb,SttlmTp,SctiesSttlmTxId,SctySrs,FinInstrmId,FinInstrmTp,XpryDt,StrkPric,OptnTp,ValAtRskMrgn,SPANMrgn,LossMrgn,PrmAmt,CnsltdCrstllsdOblgtnMrg,DlvrySttlmtMrgn,SpclMrgn,SpclCshMrgn,TndrMrgn,AddtlMrgn,MrkToMktNetd,MinMrgn,SPANMrgnMin,XtrmLossMrgnMin,AggtPeakLbltyRptd,EndOfDayRqrmntRptd,TtlMrgnAsPerActlParams,TtlBuyTradgVol,TtlBuyTrfVal,TtlSellTradgVol,TtlSellTrfVal,NetOpnQty,NetOpnVal,CncntrtnMrgn,DvlmntMrgn,CrossMrgnBnftForSPAN,CrossMrgnBnftForELM,Rmks,Rsvd1,Rsvd2,Rsvd3,Rsvd4
